Codon 1	Codon 2	Quantity
gcc	ccg	21
ccc	ccc	19
tgc	gcc	18
aaa	aag	17
gcc	ccc	17
tgg	ggt	17
aag	agg	16
att	ttg	16
ccc	ccg	16
tta	taa	16
ccg	cgc	15
cgc	gcc	15
gcg	cgc	15
ggg	ggc	15
ggg	ggg	15
gtc	tct	15
taa	aaa	15
agc	gcc	14
ccg	cga	14
cct	ctg	14
tat	att	14
ttt	ttt	14
aag	aga	13
acc	ccc	13
gtc	tca	13
tgc	gcg	13
aaa	aaa	12
aat	atg	12
agt	gtt	12
atg	tgg	12
att	ttt	12
cga	gag	12
ctg	tga	12
ctg	tgc	12
gac	acg	12
gag	aga	12
gga	gag	12
ggt	gtg	12
tct	ctg	12
tgt	gtg	12
ttg	tgt	12
ttt	ttg	12
agg	ggg	11
ccc	cca	11
cgc	gcg	11
cgg	gga	11
cgt	gtc	11
cta	tat	11
gaa	aaa	11
gaa	aag	11
gag	agg	11
gcc	cct	11
ggc	gcc	11
gtg	tgc	11
gtt	ttt	11
tgt	gtt	11
ttg	tga	11
ttg	tgc	11
aag	agt	10
aca	caa	10
agg	ggc	10
caa	aag	10
cac	acc	10
cag	agt	10
cca	cac	10
ccg	cgg	10
ccg	cgt	10
cga	gaa	10
ctg	tgg	10
gag	agc	10
gcg	cgg	10
ggc	gcg	10
ggt	gtt	10
gtt	tta	10
taa	aag	10
tca	cag	10
tct	ctt	10
tga	gaa	10
tga	gac	10
tgg	ggg	10
ttg	tgg	10
ttt	tta	10
aag	agc	9
aat	att	9
aga	gat	9
agt	gtc	9
ata	taa	9
atg	tgc	9
cca	cag	9
gat	ata	9
gat	atg	9
gcc	cca	9
gct	ctg	9
ggt	gta	9
ggt	gtc	9
gtg	tga	9
gtg	tgg	9
gtg	tgt	9
gtt	ttg	9
tga	gat	9
tgt	gtc	9
ttc	tcc	9
aaa	aat	8
aga	gaa	8
aga	gag	8
agg	ggt	8
atc	tct	8
caa	aat	8
cag	agc	8
ccc	cct	8
cgc	gca	8
cgg	ggt	8
ctg	tgt	8
ctt	tta	8
gat	att	8
gca	cag	8
gcg	cga	8
ggc	gct	8
gtt	ttc	8
tag	agt	8
tat	atg	8
tct	ctc	8
act	ctg	7
agt	gtg	7
ata	tat	7
atg	tgt	7
cac	act	7
cag	agg	7
cat	atc	7
cat	att	7
cgg	ggg	7
cgt	gtg	7
ctc	tcc	7
ctt	ttg	7
gaa	aat	7
gcg	cgt	7
gga	gat	7
ggg	ggt	7
taa	aat	7
tac	aca	7
tcc	ccg	7
tga	gag	7
tgc	gct	7
tgg	gga	7
tgg	ggc	7
tta	tat	7
ttc	tct	7
aaa	aac	6
aac	aca	6
acg	cga	6
agc	gcg	6
agc	gct	6
agg	gga	6
agt	gta	6
att	tta	6
cca	caa	6
cca	cat	6
cct	ctt	6
ctt	ttc	6
gag	agt	6
gca	caa	6
gct	cta	6
gga	gaa	6
ggc	gca	6
ggg	gga	6
gta	taa	6
gta	tac	6
gta	tat	6
tac	acc	6
tca	cac	6
tca	cat	6
tcc	cca	6
tcc	cct	6
tcg	cgt	6
tta	tac	6
ttc	tca	6
aac	acc	5
aat	ata	5
aca	cac	5
acc	cca	5
acc	ccg	5
acg	cgg	5
act	ctt	5
aga	gac	5
atc	tca	5
caa	aaa	5
cga	gat	5
cgt	gtt	5
ctc	tct	5
gaa	aac	5
gac	acc	5
gca	cat	5
gga	gac	5
gta	tag	5
gtc	tcc	5
gtc	tcg	5
tat	atc	5
tcc	ccc	5
tct	cta	5
tgc	gca	5
tta	tag	5
ttt	ttc	5
aat	atc	4
aca	cat	4
acg	cgc	4
acg	cgt	4
agc	gca	4
ata	tag	4
atc	tcg	4
atg	tga	4
att	ttc	4
cac	aca	4
cac	acg	4
cat	ata	4
cct	cta	4
cct	ctc	4
cga	gac	4
cgt	gta	4
cta	tac	4
ctc	tcg	4
ctt	ttt	4
gac	act	4
gat	atc	4
gca	cac	4
gct	ctc	4
gct	ctt	4
tac	act	4
tat	ata	4
tca	caa	4
tgt	gta	4
acc	cct	3
act	cta	3
atc	tcc	3
caa	aac	3
cat	atg	3
cgg	ggc	3
gac	aca	3
tag	aga	3
tag	agc	3
tcg	cga	3
tcg	cgg	3
aac	acg	2
aac	act	2
act	ctc	2
ata	tac	2
cag	aga	2
cgc	gct	2
cta	taa	2
ctc	tca	2
tcg	cgc	2
aca	cag	1
cta	tag	1
taa	aac	1
tac	acg	1
tag	agg	1
ttc	tcg	1
